INSERT INTO Attribute
VALUES
('Goblin', 'Little green guy'),
('Orc', 'Big green guy'),
('Elf', 'Little pointy guy'),
('Human', 'Big pointy guy'),
('Dwarf', 'Little short guy'),
('Troll', 'Big guy'),
('Dragon', 'Big flying guy'),
('Giant', 'Big guy'),
('Gnome', 'Little short guy'),
('Fairy', 'Little flying guy'),
('Unicorn', 'Little flying guy'),
('Centaur', 'Big Horse guy'),
('Mermaid', 'Fishy guy'),
('Siren', 'Singing guy'),
('Sphinx', 'Talking guy'),
('Minotaur', 'Big Bull guy'),
('Cyclops', 'One eye guy'),
('Golem', 'Stone guy'),
('Gargoyle', 'Stone guy'),
('Wraith', 'Ghost guy'),
('Vampire', 'Bloodsucker guy'),
('Werewolf', 'Wolf guy'),
('Zombie', 'Dead guy'),
('Skeleton', 'Dead guy'),
('Ghoul', 'Dead guy'),
('Mummy', 'Dead guy'),
('Ghost', 'Dead guy'),
('Demon', 'Evil guy'),
('Imp', 'Evil guy'),
('Devil', 'Evil guy'),
('Angel', 'Good guy'),
('Sprite', 'Good guy'),
('Pixie', 'Good guy')

INSERT INTO Publisher
VALUES
('Bladesmith', 'MyMiniFactory'),
('Green Fury Goblins', '3DFactory'),
('WolfCreations', 'Cults3D'),
('Dwarven Forge', 'Thingiverse'),
('Impish Delights', 'MyMiniFactory'),
('Fairy Fashions', '3DFactory'),
('Unicorn Creations', 'Cults3D'),
('Centaur Creations', 'Thingiverse'),
('Mermaid Creations', 'MyMiniFactory'),
('Siren Creations', '3DFactory'),
('Sphinx Creations', 'Cults3D'),
('Minotaur Creations', 'Thingiverse'),
('Cyclops Creations', 'MyMiniFactory'),
('Golem Creations', '3DFactory'),
('Gargoyle Creations', 'Cults3D'),
('Wraith Creations', 'Thingiverse'),
('Vampire Creations', 'MyMiniFactory'),
('Werewolf Creations', '3DFactory'),
('Zombie Creations', 'Cults3D'),
('Skeleton Creations', 'Thingiverse'),
('Ghoul Creations', 'MyMiniFactory'),
('Mummy Creations', '3DFactory'),
('Ghost Creations', 'Cults3D'),
('Demon Creations', 'Thingiverse'),
('Imp Creations', 'MyMiniFactory'),
('Devil Creations', '3DFactory'),
('Angel Creations', 'Cults3D'),
('Sprite Creations', 'Thingiverse'),
('Fairy Creations', 'MyMiniFactory'),
('Pixie Creations', '3DFactory'),
('Goblin Creations', 'Cults3D'),
('Orc Creations', 'Thingiverse'),
('Elf Creations', 'MyMiniFactory'),
('Human Creations', '3DFactory'),
('Dwarf Creations', 'Cults3D'),
('Troll Creations', 'Thingiverse'),
('Dragon Creations', 'MyMiniFactory'),
('Giant Creations', '3DFactory'),
('Gnome Creations', 'Cults3D')

INSERT INTO AssetRelease (id, name, publisher)
VALUES
(0, 'Blades 1', 'Bladesmith'),
(1, 'Blades 2', 'Bladesmith'),
(2, 'Blades 3', 'Bladesmith'),
(3, 'Goblins 1', 'Green Fury Goblins'),
(4, 'Goblins 2', 'Green Fury Goblins'),
(5, 'Goblins 3', 'Green Fury Goblins'),
(6, 'Wolf 1', 'WolfCreations'),
(7, 'Wolf 2', 'WolfCreations'),
(8, 'Wolf 3', 'WolfCreations'),
(9, 'Dwarven Forge 1', 'Dwarven Forge'),
(10, 'Dwarven Forge 2', 'Dwarven Forge'),
(11, 'Dwarven Forge 3', 'Dwarven Forge'),
(12, 'Impish Delights 1', 'Impish Delights'),
(13, 'Impish Delights 2', 'Impish Delights'),
(14, 'Impish Delights 3', 'Impish Delights'),
(15, 'Fairy Fashions 1', 'Fairy Fashions'),
(16, 'Fairy Fashions 2', 'Fairy Fashions'),
(17, 'Fairy Fashions 3', 'Fairy Fashions'),
(18, 'Unicorn Creations 1', 'Unicorn Creations'),
(19, 'Unicorn Creations 2', 'Unicorn Creations'),
(20, 'Unicorn Creations 3', 'Unicorn Creations'),
(21, 'Centaur Creations 1', 'Centaur Creations'),
(22, 'Centaur Creations 2', 'Centaur Creations'),
(23, 'Centaur Creations 3', 'Centaur Creations'),
(24, 'Mermaid Creations 1', 'Mermaid Creations'),
(25, 'Mermaid Creations 2', 'Mermaid Creations'),
(26, 'Mermaid Creations 3', 'Mermaid Creations'),
(27, 'Siren Creations 1', 'Siren Creations'),
(28, 'Siren Creations 2', 'Siren Creations'),
(29, 'Siren Creations 3', 'Siren Creations'),
(30, 'Sphinx Creations 1', 'Sphinx Creations'),
(31, 'Sphinx Creations 2', 'Sphinx Creations'),
(32, 'Sphinx Creations 3', 'Sphinx Creations'),
(33, 'Minotaur Creations 1', 'Minotaur Creations'),
(34, 'Minotaur Creations 2', 'Minotaur Creations'),
(35, 'Minotaur Creations 3', 'Minotaur Creations'),
(36, 'Cyclops Creations 1', 'Cyclops Creations'),
(37, 'Cyclops Creations 2', 'Cyclops Creations'),
(38, 'Cyclops Creations 3', 'Cyclops Creations'),
(39, 'Golem Creations 1', 'Golem Creations'),
(40, 'Golem Creations 2', 'Golem Creations'),
(41, 'Golem Creations 3', 'Golem Creations'),
(42, 'Gargoyle Creations 1', 'Gargoyle Creations'),
(43, 'Gargoyle Creations 2', 'Gargoyle Creations'),
(44, 'Gargoyle Creations 3', 'Gargoyle Creations'),
(45, 'Wraith Creations 1', 'Wraith Creations'),
(46, 'Wraith Creations 2', 'Wraith Creations'),
(47, 'Wraith Creations 3', 'Wraith Creations'),
(48, 'Vampire Creations 1', 'Vampire Creations'),
(49, 'Vampire Creations 2', 'Vampire Creations'),
(50, 'Vampire Creations 3', 'Vampire Creations'),
(51, 'Werewolf Creations 1', 'Werewolf Creations'),
(52, 'Werewolf Creations 2', 'Werewolf Creations'),
(53, 'Werewolf Creations 3', 'Werewolf Creations')

INSERT INTO AppUser
VALUES
(MD5('JohnDoe'), MD5('pass123')),
(MD5('JaneDoe'), MD5('pass123')),
(MD5('BobSmith'), MD5('pass123')),
(MD5('AliceSmith'), MD5('pass123')),
(MD5('JoeBloggs'), MD5('pass123')),
(MD5('JaneBloggs'), MD5('pass123')),
(MD5('JohnSmith'), MD5('pass123')),
(MD5('JaneSmith'), MD5('pass123')),
(MD5('BobDoe'), MD5('pass123')),
(MD5('AliceDoe'), MD5('pass123')),
(MD5('JoeDoe'), MD5('pass123')),
(MD5('Christian'), MD5('pass123')),
(MD5('Jude'), MD5('pass123')),
(MD5('Matthew'), MD5('pass123')),
(MD5('Mark'), MD5('pass123')),
(MD5('Luke'), MD5('pass123')),
(MD5('John'), MD5('pass123')),
(MD5('Paul'), MD5('pass123')),
(MD5('Peter'), MD5('pass123')),
(MD5('James'), MD5('pass123')),
(MD5('Andrew'), MD5('pass123')),
(MD5('Thomas'), MD5('pass123')),
(MD5('Simon'), MD5('pass123')),
(MD5('Bartholomew'), MD5('pass123')),
(MD5('Philip'), MD5('pass123')),
(MD5('Barnabas'), MD5('pass123')),
(MD5('Lleyton'), MD5('pass123')),
(MD5('Roger'), MD5('pass123')),
(MD5('Rafael'), MD5('pass123')),
(MD5('Novak'), MD5('pass123')),
(MD5('Andy'), MD5('pass123')),
(MD5('David'), MD5('pass123')),
(MD5('Stan'), MD5('pass123')),
(MD5('Richard'), MD5('pass123')),
(MD5('Michael'), MD5('pass123')),
(MD5('Robert'), MD5('pass123')),
(MD5('William'), MD5('pass123')),
(MD5('Lucas'), MD5('pass123'))

INSERT INTO Admin
VALUES
(MD5('JohnDoe')),
(MD5('JaneDoe')),
(MD5('BobSmith')),
(MD5('AliceSmith')),
(MD5('JoeBloggs')),
(MD5('JaneBloggs')),
(MD5('JohnSmith')),
(MD5('JaneSmith')),
(MD5('BobDoe')),
(MD5('AliceDoe')),
(MD5('JoeDoe')),
(MD5('Christian')),
(MD5('Jude')),
(MD5('Matthew')),
(MD5('Mark')),
(MD5('Luke')),
(MD5('John')),
(MD5('Paul')),
(MD5('Peter')),
(MD5('James')),
(MD5('Andrew')),
(MD5('Thomas')),
(MD5('Simon')),
(MD5('Bartholomew')),
(MD5('Philip')),
(MD5('Lleyton')),
(MD5('Roger')),
(MD5('Rafael')),
(MD5('Novak')),
(MD5('Andy'))

INSERT INTO AuditLog
VALUES
(MD5('JohnDoe'), '2017-01-01 00:00:00', 'Logged in'),
(MD5('JaneDoe'), '2017-01-01 00:00:00', 'Logged in'),
(MD5('BobSmith'), '2017-01-01 00:00:00', 'Logged in'),
(MD5('AliceSmith'), '2017-01-01 00:00:00', 'Logged in'),
(MD5('JoeBloggs'), '2017-01-01 00:00:00', 'Logged in'),
(MD5('JaneBloggs'), '2017-01-01 00:00:00', 'Logged in'),
(MD5('JohnSmith'), '2017-01-01 00:00:00', 'Logged in'),
(MD5('JaneSmith'), '2017-01-01 00:00:00', 'Logged in'),
(MD5('BobDoe'), '2017-01-01 00:00:00', 'Logged in'),
(MD5('AliceDoe'), '2017-01-01 00:00:00', 'Logged in'),
(MD5('JoeDoe'), '2017-01-01 00:00:00', 'Logged in'),
(MD5('Christian'), '2017-01-01 00:00:00', 'Logged in'),
(MD5('Jude'), '2017-01-01 00:00:00', 'Logged in'),
(MD5('Matthew'), '2017-01-01 00:00:00', 'Logged in'),
(MD5('Mark'), '2017-01-01 00:00:00', 'Logged in'),
(MD5('Luke'), '2017-01-01 00:00:00', 'Logged in'),
(MD5('John'), '2017-01-01 00:00:00', 'Logged in'),
(MD5('Paul'), '2017-01-01 00:00:00', 'Logged in'),
(MD5('Peter'), '2017-01-01 00:00:00', 'Logged in'),
(MD5('James'), '2017-01-01 00:00:00', 'Logged in'),
(MD5('Andrew'), '2017-01-01 00:00:00', 'Logged in'),
(MD5('Thomas'), '2017-01-01 00:00:00', 'Logged in'),
(MD5('Simon'), '2017-01-01 00:00:00', 'Logged in'),
(MD5('Bartholomew'), '2017-02-03 12:12:46', 'Added Attribute'),
(MD5('Philip'), '2017-02-03 12:12:46', 'Added Attribute'),
(MD5('Barnabas'), '2017-02-03 12:12:46', 'Added Attribute'),
(MD5('Matthew'), '2017-02-03 12:12:46', 'Added Attribute'),
(MD5('James'), '2017-02-03 12:12:46', 'Added Attribute'),
(MD5('Lleyton'), '2017-02-03 12:12:46', 'Added Attribute'),
(MD5('Roger'), '2017-02-03 12:12:46', 'Added Attribute'),
(MD5('Rafael'), '2017-02-03 12:12:46', 'Added Attribute'),
(MD5('Novak'), '2017-02-03 12:12:46', 'Added Attribute'),
(MD5('Andy'), '2017-02-03 12:12:46', 'Added Attribute'),
(MD5('David'), '2017-02-03 12:12:46', 'Added Attribute'),
(MD5('Stan'), '2017-02-03 12:12:46', 'Added Attribute'),
(MD5('Richard'), '2017-02-03 12:12:46', 'Added Attribute'),
(MD5('John'), '2017-02-03 12:12:46', 'Added Attribute'),
(MD5('Michael'), '2017-02-03 12:12:46', 'Added Attribute'),
(MD5('Robert'), '2017-02-03 12:12:46', 'Added Attribute'),
(MD5('William'), '2017-02-03 12:12:46', 'Added Attribute'),
(MD5('Lucas'), '2017-02-03 12:12:46', 'Added Attribute'),
(MD5('Rafael'), '2018-03-04 13:12:32', 'Remove Asset'),
(MD5('Novak'), '2018-03-04 13:12:32', 'Remove Asset'),
(MD5('Andy'), '2018-03-04 13:12:32', 'Remove Asset'),
(MD5('David'), '2018-03-04 13:12:32', 'Remove Asset'),
(MD5('Stan'), '2018-03-04 13:12:32', 'Remove Asset'),
(MD5('Richard'), '2018-03-04 13:12:32', 'Remove Asset'),
(MD5('John'), '2018-03-04 13:12:32', 'Remove Asset'),
(MD5('Michael'), '2018-03-04 13:12:32', 'Remove Asset'),
(MD5('James'), '2018-03-04 13:12:32', 'Remove Asset'),
(MD5('Robert'), '2018-03-04 13:12:32', 'Remove Asset'),
(MD5('William'), '2018-03-04 13:12:32', 'Remove Asset'),
(MD5('Lucas'), '2018-03-04 13:12:32', 'Remove Asset')

INSERT INTO Asset (filepath, attribute, username, name, rid, scale)
VALUES
("C:/Users/JohnSmith/Assets/Asset1", "Goblin", MD5("JohnSmith"), "Goblins 1", 3, "1:10"),
("C:/Users/JohnSmith/Assets/Asset2", "Goblin", MD5("JohnSmith"), "Goblins 2", 4, "1:32"),
("C:/Users/JohnSmith/Assets/Asset3", "Goblin", MD5("JohnSmith"), "Goblins 3", 5, "1:16"),
("C:/Users/JohnSmith/Assets/Asset1", "Imp", MD5("JohnSmith"), "Goblins 1", 3, "1:10"),
("C:/Users/JohnSmith/Assets/Asset2", "Imp", MD5("JohnSmith"), "Goblins 2", 4, "1:32"),
("C:/Users/JohnSmith/Assets/Asset3", "Imp", MD5("JohnSmith"), "Goblins 3", 5, "1:16"),
("C:/Users/JohnSmith/Assets/Asset1", "Orc", MD5("JohnSmith"), "Goblins 1", 3, "1:10"),
("C:/Users/JohnSmith/Assets/Asset2", "Orc", MD5("JohnSmith"), "Goblins 2", 4, "1:32"),
("C:/Users/JohnSmith/Assets/Asset3", "Orc", MD5("JohnSmith"), "Goblins 3", 5, "1:16"),
("C:/Users/JohnSmith/Assets/Asset1", "Troll", MD5("JohnSmith"), "Goblins 1", 3, "1:10"),
("C:/Users/JohnSmith/Assets/Asset2", "Troll", MD5("JohnSmith"), "Goblins 2", 4, "1:32"),
("C:/Users/JohnSmith/Assets/Asset3", "Troll", MD5("JohnSmith"), "Goblins 3", 5, "1:16"),
("C:/Users/JohnSmith/Assets/Asset1", "Fairy", MD5("JohnSmith"), "Goblins 1", 3, "1:10"),
("C:/Users/JohnSmith/Assets/Asset2", "Fairy", MD5("JohnSmith"), "Goblins 2", 4, "1:32"),
("C:/Users/JohnSmith/Assets/Asset3", "Fairy", MD5("JohnSmith"), "Goblins 3", 5, "1:16"),
("C:/Users/JohnSmith/Assets/Asset1", "Elf", MD5("JohnSmith"), "Goblins 1", 3, "1:10"),
("C:/Users/JohnSmith/Assets/Asset2", "Elf", MD5("JohnSmith"), "Goblins 2", 4, "1:32"),
("C:/Users/JohnSmith/Assets/Asset3", "Elf", MD5("JohnSmith"), "Goblins 3", 5, "1:16"),
("C:/Users/JohnSmith/Assets/Asset1", "Dwarf", MD5("JohnSmith"), "Goblins 1", 3, "1:10"),
("C:/Users/JohnSmith/Assets/Asset2", "Dwarf", MD5("JohnSmith"), "Goblins 2", 4, "1:32"),
("C:/Users/JohnSmith/Assets/Asset3", "Dwarf", MD5("JohnSmith"), "Goblins 3", 5, "1:16"),
("C:/Users/JohnSmith/Assets/Asset1", "Human", MD5("JohnSmith"), "Goblins 1", 3, "1:10"),
("C:/Users/JohnSmith/Assets/Asset2", "Human", MD5("JohnSmith"), "Goblins 2", 4, "1:32"),
("C:/Users/JohnSmith/Assets/Asset3", "Human", MD5("JohnSmith"), "Goblins 3", 5, "1:16"),
("C:/Users/JohnSmith/Assets/Asset1", "Ghost", MD5("JohnSmith"), "Goblins 1", 3, "1:10"),
("C:/Users/JohnSmith/Assets/Asset2", "Ghost", MD5("JohnSmith"), "Goblins 2", 4, "1:32"),
("C:/Users/JohnSmith/Assets/Asset3", "Ghost", MD5("JohnSmith"), "Goblins 3", 5, "1:16"),
("C:/Users/JohnSmith/Assets/Asset1", "Giant", MD5("JohnSmith"), "Goblins 1", 3, "1:10"),
("C:/Users/JohnSmith/Assets/Asset2", "Giant", MD5("JohnSmith"), "Goblins 2", 4, "1:32"),
("C:/Users/JohnSmith/Assets/Asset3", "Giant", MD5("JohnSmith"), "Goblins 3", 5, "1:16"),
("C:/Users/JohnSmith/Assets/Asset1", "Golem", MD5("JohnSmith"), "Goblins 1", 3, "1:10"),
("C:/Users/JohnSmith/Assets/Asset2", "Golem", MD5("JohnSmith"), "Goblins 2", 4, "1:32"),
("C:/Users/JohnSmith/Assets/Asset3", "Golem", MD5("JohnSmith"), "Goblins 3", 5, "1:16")